Workbook

Sheet Identity Index
A1: Identity | B1: Category
A2: Mouse | B2: Animal
A3: Duck | B3: Animal
A4: Rabbit | B4: Animal
A5: Pig | B5: Animal
A6: Human | B6: Human
A7: Saiyan | B7: Superhuman
A8: Cat | B8: Animal

Sheet Programme Outcomes
A1: ID | B1: Final Weight
A2: 871502 | B2: 41.4
A3: 920384 | B3: 55.6
A4: 158762 | B4: 106
A5: 703945 | B5: 63
A6: 564720 | B6: 26.5
A7: 319846 | B7: 32
A8: 735902 | B8: 60
A9: 184675 | B9: 136
A10: 284619 | B10: 105
A11: 536870 | B11: 92
A12: 419287 | B12: 59
A13: 672430 | B13: 55
... A17: 498613 | B17: 82

Sheet Raw Dataset
A1: Column1 | B1: Column2 | C1: Column3 | D1: Column4 | E1: Column5 | F1: Column6 | G1: Column7 | H1: Column8 | I1: Column9
A2: First Name | B2: Weight | C2: Last Name | D2: ID | E2: Identity | F2: Height | G2: Referral Date/Time | H2: Age | I2: Gender
A3: Mickey | B3: 10.4 | C3: Mouse | D3: 482917 | E3: Mouse | F3: 0.89 | G3: 45671.571 | H3: 28 | I3: M
A4: Minnie | B4: 9.6 | C4: Mouse | D4: 105634 | E4: Mouse | F4: 0.88 | G4: 45691.345 | H4: 28 | I4: F
A5: Daisy | B5: 9.9 | C5: Duck | D5: 798251 | E5: Duck | F5: 0.97 | G5: 45716.878 | H5: 29 | I5: F
A6: Donald | B6: 10.8 | C6: Duck | D6: 236489 | E6: Duck | F6: 0.99 | G6: 45733.648 | H6: 30 | I6: M
A7: Bugs | B7: 26.7 | C7: Bunny | D7: 564720 | E7: Rabbit | F7: 0.99 | G7: 45745.206 | H7: 28 | I7: M
A8: Daffy | B8: 29.5 | C8: Duck | D8: 319846 | E8: Duck | F8: 1 | G8: 45755.825 | H8: 27 | I8: M
A9: Porky | B9: 42.5 | C9: Pig | D9: 871502 | E9: Pig | F9: 1.22 | G9: 45769.478 | H9: 30 | I9: M
A10: Elmer | B10: 58.7 | C10: Fudd | D10: 920384 | E10: Human | F10: 1.1 | G10: 45807.96 | H10: 37 | I10: M
A11: Johnny | B11: 110.6 | C11: Bravo | D11: 158762 | E11: Human | F11: 1.9 | G11: 45815.705 | H11: 25 | I11: M
A12: Marge | B12: 64.8 | C12: Simpson | D12: 703945 | E12: Human | F12: 1.46 | G12: 45829.112 | H12: 36 | I12: F
A13: Homer | B13: 109.9 | C13: Simpson | D13: 284619 | E13: Human | F13: 1.83 | G13: 45853.846 | H13: 39 | I13: M
A14: Fred | B14: 96.2 | C14: Flintstone | D14: 536870 | E14: Human | F14: 1.55 | G14: 45866.422 | H14: 36 | I14: M
... A22: Richard | B22: 157.8 | C22: Watterson | D22: 184675 | E22: Rabbit | F22: 1.9 | G22: 45994.506 | H22: 38 | I22: M

Sheet Linked Data
A1: ID | B1: First Name | C1: Last Name | D1: Gender | E1: Identity | F1: Category | G1: Age Bracket | H1: Initial Weight (kg) | I1: Height (m) | J1: Age | K1: Referral Date | L1: BMI | M1: BMI Category | N1: Weight Loss Advice | O1: Weight Loss Target | P1: Final Weight | Q1: Programme Result
A2: 564720 | B2: Bugs | C2: Bunny | D2: M | E2: Rabbit | F2: =_xlfn.XLOOKUP(WeightLossGroup_Dataset[[#This Row],[Identity]],'Identity Index'!A:A,'Identity Index'!B:B) -> Animal | G2: {=_xlfn.IFS(AND(WeightLossGroup_Dataset[[#This Row],[Age]]>=18, WeightLossGroup_Dataset[[#This Row],[Age]]<25), "18-24", AND(WeightLossGroup_Dataset[[#This Row],[Age]]>=25, WeightLossGroup_Dataset[[#This Row],[Age]]<35), "25-34", AND(WeightLossGroup_Dataset[[#This Row],[Age]]>=35, WeightLossGroup_Dataset[[#This Row],[Age]]<44), "35-44", AND(WeightLossGroup_Dataset[[#This Row],[Age]]>=45, WeightLossGroup_Dataset[[#This Row],[Age]]<55), "45-54")} -> 25-34 | H2: 26.7 | I2: 0.99 | J2: 28 | K2: 45745 | L2: 27.242118 | M2: Average | N2: {=_xlfn.IFS(WeightLossGroup_Dataset[[#This Row],[BMI Category]]="Underweight", "Dismiss client", WeightLossGroup_Dataset[[#This Row],[BMI Category]]= "Average", "2.5% weight loss", WeightLossGroup_Dataset[[#This Row],[BMI Category]]= "Overweight", "5% weight loss")} -> 2.5% weight loss | O2: {=_xlfn.IFS(WeightLossGroup_Dataset[[#This Row],[Weight Loss Advice]]="2.5% weight loss", WeightLossGroup_Dataset[[#This Row],[Initial Weight (kg)]]*0.975, WeightLossGroup_Dataset[[#This Row],[Weight Loss Advice]]="5% weight loss", WeightLossGroup_Dataset[[#This Row],[Initial Weight (kg)]]*0.95)} -> 26.0325 | P2: =_xlfn.XLOOKUP(WeightLossGroup_Dataset[[#This Row],[ID]],'Programme Outcomes'!A:A,'Programme Outcomes'!B:B) -> 26.5 | Q2: {=_xlfn.IFS(WeightLossGroup_Dataset[[#This Row],[Final Weight]]<=WeightLossGroup_Dataset[[#This Row],[Weight Loss Target]], "Weight loss target met", AND(WeightLossGroup_Dataset[[#This Row],[Final Weight]]>WeightLossGroup_Dataset[[#This Row],[Weight Loss Target]], WeightLossGroup_Dataset[[#This Row],[Final Weight]]<WeightLossGroup_Dataset[[#This Row],[Initial Weight (kg)]]), "Weight loss target not met but some weight lost", WeightLossGroup_Dataset[[#This Row],[Final Weight]]>WeightLossGroup_Dataset[[#This Row],[Initial Weight (kg)]], "Weight gained", WeightLossGroup_Dataset[[#This Row],[Final Weight]]=WeightLossGroup_Dataset[[#This Row],[Initial Weight (kg)]], "No weight change")} -> Weight loss target not met but some weight lost
A3: 319846 | B3: Daffy | C3: Duck | D3: M | E3: Duck | F3: =_xlfn.XLOOKUP(WeightLossGroup_Dataset[[#This Row],[Identity]],'Identity Index'!A:A,'Identity Index'!B:B) -> Animal | G3: {=_xlfn.IFS(AND(WeightLossGroup_Dataset[[#This Row],[Age]]>=18, WeightLossGroup_Dataset[[#This Row],[Age]]<25), "18-24", AND(WeightLossGroup_Dataset[[#This Row],[Age]]>=25, WeightLossGroup_Dataset[[#This Row],[Age]]<35), "25-34", AND(WeightLossGroup_Dataset[[#This Row],[Age]]>=35, WeightLossGroup_Dataset[[#This Row],[Age]]<44), "35-44", AND(WeightLossGroup_Dataset[[#This Row],[Age]]>=45, WeightLossGroup_Dataset[[#This Row],[Age]]<55), "45-54")} -> 25-34 | H3: 29.5 | I3: 1 | J3: 27 | K3: 45755 | L3: 29.5 | M3: Average | N3: {=_xlfn.IFS(WeightLossGroup_Dataset[[#This Row],[BMI Category]]="Underweight", "Dismiss client", WeightLossGroup_Dataset[[#This Row],[BMI Category]]= "Average", "2.5% weight loss", WeightLossGroup_Dataset[[#This Row],[BMI Category]]= "Overweight", "5% weight loss")} -> 2.5% weight loss | O3: {=_xlfn.IFS(WeightLossGroup_Dataset[[#This Row],[Weight Loss Advice]]="2.5% weight loss", WeightLossGroup_Dataset[[#This Row],[Initial Weight (kg)]]*0.975, WeightLossGroup_Dataset[[#This Row],[Weight Loss Advice]]="5% weight loss", WeightLossGroup_Dataset[[#This Row],[Initial Weight (kg)]]*0.95)} -> 28.7625 | P3: =_xlfn.XLOOKUP(WeightLossGroup_Dataset[[#This Row],[ID]],'Programme Outcomes'!A:A,'Programme Outcomes'!B:B) -> 32 | Q3: {=_xlfn.IFS(WeightLossGroup_Dataset[[#This Row],[Final Weight]]<=WeightLossGroup_Dataset[[#This Row],[Weight Loss Target]], "Weight loss target met", AND(WeightLossGroup_Dataset[[#This Row],[Final Weight]]>WeightLossGroup_Dataset[[#This Row],[Weight Loss Target]], WeightLossGroup_Dataset[[#This Row],[Final Weight]]<WeightLossGroup_Dataset[[#This Row],[Initial Weight (kg)]]), "Weight loss target not met but some weight lost", WeightLossGroup_Dataset[[#This Row],[Final Weight]]>WeightLossGroup_Dataset[[#This Row],[Initial Weight (kg)]], "Weight gained", WeightLossGroup_Dataset[[#This Row],[Final Weight]]=WeightLossGroup_Dataset[[#This Row],[Initial Weight (kg)]], "No weight change")} -> Weight gained
A4: 871502 | B4: Porky | C4: Pig | D4: M | E4: Pig | F4: =_xlfn.XLOOKUP(WeightLossGroup_Dataset[[#This Row],[Identity]],'Identity Index'!A:A,'Identity Index'!B:B) -> Animal | G4: {=_xlfn.IFS(AND(WeightLossGroup_Dataset[[#This Row],[Age]]>=18, WeightLossGroup_Dataset[[#This Row],[Age]]<25), "18-24", AND(WeightLossGroup_Dataset[[#This Row],[Age]]>=25, WeightLossGroup_Dataset[[#This Row],[Age]]<35), "25-34", AND(WeightLossGroup_Dataset[[#This Row],[Age]]>=35, WeightLossGroup_Dataset[[#This Row],[Age]]<44), "35-44", AND(WeightLossGroup_Dataset[[#This Row],[Age]]>=45, WeightLossGroup_Dataset[[#This Row],[Age]]<55), "45-54")} -> 25-34 | H4: 42.5 | I4: 1.22 | J4: 30 | K4: 45769 | L4: 28.554152 | M4: Average | N4: {=_xlfn.IFS(WeightLossGroup_Dataset[[#This Row],[BMI Category]]="Underweight", "Dismiss client", WeightLossGroup_Dataset[[#This Row],[BMI Category]]= "Average", "2.5% weight loss", WeightLossGroup_Dataset[[#This Row],[BMI Category]]= "Overweight", "5% weight loss")} -> 2.5% weight loss | O4: {=_xlfn.IFS(WeightLossGroup_Dataset[[#This Row],[Weight Loss Advice]]="2.5% weight loss", WeightLossGroup_Dataset[[#This Row],[Initial Weight (kg)]]*0.975, WeightLossGroup_Dataset[[#This Row],[Weight Loss Advice]]="5% weight loss", WeightLossGroup_Dataset[[#This Row],[Initial Weight (kg)]]*0.95)} -> 41.4375 | P4: =_xlfn.XLOOKUP(WeightLossGroup_Dataset[[#This Row],[ID]],'Programme Outcomes'!A:A,'Programme Outcomes'!B:B) -> 41.4 | Q4: {=_xlfn.IFS(WeightLossGroup_Dataset[[#This Row],[Final Weight]]<=WeightLossGroup_Dataset[[#This Row],[Weight Loss Target]], "Weight loss target met", AND(WeightLossGroup_Dataset[[#This Row],[Final Weight]]>WeightLossGroup_Dataset[[#This Row],[Weight Loss Target]], WeightLossGroup_Dataset[[#This Row],[Final Weight]]<WeightLossGroup_Dataset[[#This Row],[Initial Weight (kg)]]), "Weight loss target not met but some weight lost", WeightLossGroup_Dataset[[#This Row],[Final Weight]]>WeightLossGroup_Dataset[[#This Row],[Initial Weight (kg)]], "Weight gained", WeightLossGroup_Dataset[[#This Row],[Final Weight]]=WeightLossGroup_Dataset[[#This Row],[Initial Weight (kg)]], "No weight change")} -> Weight loss target met
A5: 920384 | B5: Elmer | C5: Fudd | D5: M | E5: Human | F5: =_xlfn.XLOOKUP(WeightLossGroup_Dataset[[#This Row],[Identity]],'Identity Index'!A:A,'Identity Index'!B:B) -> Human | G5: {=_xlfn.IFS(AND(WeightLossGroup_Dataset[[#This Row],[Age]]>=18, WeightLossGroup_Dataset[[#This Row],[Age]]<25), "18-24", AND(WeightLossGroup_Dataset[[#This Row],[Age]]>=25, WeightLossGroup_Dataset[[#This Row],[Age]]<35), "25-34", AND(WeightLossGroup_Dataset[[#This Row],[Age]]>=35, WeightLossGroup_Dataset[[#This Row],[Age]]<44), "35-44", AND(WeightLossGroup_Dataset[[#This Row],[Age]]>=45, WeightLossGroup_Dataset[[#This Row],[Age]]<55), "45-54")} -> 35-44 | H5: 58.7 | I5: 1.1 | J5: 37 | K5: 45807 | L5: 48.512397 | M5: Overweight | N5: {=_xlfn.IFS(WeightLossGroup_Dataset[[#This Row],[BMI Category]]="Underweight", "Dismiss client", WeightLossGroup_Dataset[[#This Row],[BMI Category]]= "Average", "2.5% weight loss", WeightLossGroup_Dataset[[#This Row],[BMI Category]]= "Overweight", "5% weight loss")} -> 5% weight loss | O5: {=_xlfn.IFS(WeightLossGroup_Dataset[[#This Row],[Weight Loss Advice]]="2.5% weight loss", WeightLossGroup_Dataset[[#This Row],[Initial Weight (kg)]]*0.975, WeightLossGroup_Dataset[[#This Row],[Weight Loss Advice]]="5% weight loss", WeightLossGroup_Dataset[[#This Row],[Initial Weight (kg)]]*0.95)} -> 55.765 | P5: =_xlfn.XLOOKUP(WeightLossGroup_Dataset[[#This Row],[ID]],'Programme Outcomes'!A:A,'Programme Outcomes'!B:B) -> 55.6 | Q5: {=_xlfn.IFS(WeightLossGroup_Dataset[[#This Row],[Final Weight]]<=WeightLossGroup_Dataset[[#This Row],[Weight Loss Target]], "Weight loss target met", AND(WeightLossGroup_Dataset[[#This Row],[Final Weight]]>WeightLossGroup_Dataset[[#This Row],[Weight Loss Target]], WeightLossGroup_Dataset[[#This Row],[Final Weight]]<WeightLossGroup_Dataset[[#This Row],[Initial Weight (kg)]]), "Weight loss target not met but some weight lost", WeightLossGroup_Dataset[[#This Row],[Final Weight]]>WeightLossGroup_Dataset[[#This Row],[Initial Weight (kg)]], "Weight gained", WeightLossGroup_Dataset[[#This Row],[Final Weight]]=WeightLossGroup_Dataset[[#This Row],[Initial Weight (kg)]], "No weight change")} -> Weight loss target met
A6: 158762 | B6: Johnny | C6: Bravo | D6: M | E6: Human | F6: =_xlfn.XLOOKUP(WeightLossGroup_Dataset[[#This Row],[Identity]],'Identity Index'!A:A,'Identity Index'!B:B) -> Human | G6: {=_xlfn.IFS(AND(WeightLossGroup_Dataset[[#This Row],[Age]]>=18, WeightLossGroup_Dataset[[#This Row],[Age]]<25), "18-24", AND(WeightLossGroup_Dataset[[#This Row],[Age]]>=25, WeightLossGroup_Dataset[[#This Row],[Age]]<35), "25-34", AND(WeightLossGroup_Dataset[[#This Row],[Age]]>=35, WeightLossGroup_Dataset[[#This Row],[Age]]<44), "35-44", AND(WeightLossGroup_Dataset[[#This Row],[Age]]>=45, WeightLossGroup_Dataset[[#This Row],[Age]]<55), "45-54")} -> 25-34 | H6: 110.6 | I6: 1.9 | J6: 25 | K6: 45815 | L6: 30.637119 | M6: Average | N6: {=_xlfn.IFS(WeightLossGroup_Dataset[[#This Row],[BMI Category]]="Underweight", "Dismiss client", WeightLossGroup_Dataset[[#This Row],[BMI Category]]= "Average", "2.5% weight loss", WeightLossGroup_Dataset[[#This Row],[BMI Category]]= "Overweight", "5% weight loss")} -> 2.5% weight loss | O6: {=_xlfn.IFS(WeightLossGroup_Dataset[[#This Row],[Weight Loss Advice]]="2.5% weight loss", WeightLossGroup_Dataset[[#This Row],[Initial Weight (kg)]]*0.975, WeightLossGroup_Dataset[[#This Row],[Weight Loss Advice]]="5% weight loss", WeightLossGroup_Dataset[[#This Row],[Initial Weight (kg)]]*0.95)} -> 107.835 | P6: =_xlfn.XLOOKUP(WeightLossGroup_Dataset[[#This Row],[ID]],'Programme Outcomes'!A:A,'Programme Outcomes'!B:B) -> 106 | Q6: {=_xlfn.IFS(WeightLossGroup_Dataset[[#This Row],[Final Weight]]<=WeightLossGroup_Dataset[[#This Row],[Weight Loss Target]], "Weight loss target met", AND(WeightLossGroup_Dataset[[#This Row],[Final Weight]]>WeightLossGroup_Dataset[[#This Row],[Weight Loss Target]], WeightLossGroup_Dataset[[#This Row],[Final Weight]]<WeightLossGroup_Dataset[[#This Row],[Initial Weight (kg)]]), "Weight loss target not met but some weight lost", WeightLossGroup_Dataset[[#This Row],[Final Weight]]>WeightLossGroup_Dataset[[#This Row],[Initial Weight (kg)]], "Weight gained", WeightLossGroup_Dataset[[#This Row],[Final Weight]]=WeightLossGroup_Dataset[[#This Row],[Initial Weight (kg)]], "No weight change")} -> Weight loss target met
A7: 703945 | B7: Marge | C7: Simpson | D7: F | E7: Human | F7: =_xlfn.XLOOKUP(WeightLossGroup_Dataset[[#This Row],[Identity]],'Identity Index'!A:A,'Identity Index'!B:B) -> Human | G7: {=_xlfn.IFS(AND(WeightLossGroup_Dataset[[#This Row],[Age]]>=18, WeightLossGroup_Dataset[[#This Row],[Age]]<25), "18-24", AND(WeightLossGroup_Dataset[[#This Row],[Age]]>=25, WeightLossGroup_Dataset[[#This Row],[Age]]<35), "25-34", AND(WeightLossGroup_Dataset[[#This Row],[Age]]>=35, WeightLossGroup_Dataset[[#This Row],[Age]]<44), "35-44", AND(WeightLossGroup_Dataset[[#This Row],[Age]]>=45, WeightLossGroup_Dataset[[#This Row],[Age]]<55), "45-54")} -> 35-44 | H7: 64.8 | I7: 1.46 | J7: 36 | K7: 45829 | L7: 30.3997 | M7: Average | N7: {=_xlfn.IFS(WeightLossGroup_Dataset[[#This Row],[BMI Category]]="Underweight", "Dismiss client", WeightLossGroup_Dataset[[#This Row],[BMI Category]]= "Average", "2.5% weight loss", WeightLossGroup_Dataset[[#This Row],[BMI Category]]= "Overweight", "5% weight loss")} -> 2.5% weight loss | O7: {=_xlfn.IFS(WeightLossGroup_Dataset[[#This Row],[Weight Loss Advice]]="2.5% weight loss", WeightLossGroup_Dataset[[#This Row],[Initial Weight (kg)]]*0.975, WeightLossGroup_Dataset[[#This Row],[Weight Loss Advice]]="5% weight loss", WeightLossGroup_Dataset[[#This Row],[Initial Weight (kg)]]*0.95)} -> 63.18 | P7: =_xlfn.XLOOKUP(WeightLossGroup_Dataset[[#This Row],[ID]],'Programme Outcomes'!A:A,'Programme Outcomes'!B:B) -> 63 | Q7: {=_xlfn.IFS(WeightLossGroup_Dataset[[#This Row],[Final Weight]]<=WeightLossGroup_Dataset[[#This Row],[Weight Loss Target]], "Weight loss target met", AND(WeightLossGroup_Dataset[[#This Row],[Final Weight]]>WeightLossGroup_Dataset[[#This Row],[Weight Loss Target]], WeightLossGroup_Dataset[[#This Row],[Final Weight]]<WeightLossGroup_Dataset[[#This Row],[Initial Weight (kg)]]), "Weight loss target not met but some weight lost", WeightLossGroup_Dataset[[#This Row],[Final Weight]]>WeightLossGroup_Dataset[[#This Row],[Initial Weight (kg)]], "Weight gained", WeightLossGroup_Dataset[[#This Row],[Final Weight]]=WeightLossGroup_Dataset[[#This Row],[Initial Weight (kg)]], "No weight change")} -> Weight loss target met
A8: 284619 | B8: Homer | C8: Simpson | D8: M | E8: Human | F8: =_xlfn.XLOOKUP(WeightLossGroup_Dataset[[#This Row],[Identity]],'Identity Index'!A:A,'Identity Index'!B:B) -> Human | G8: {=_xlfn.IFS(AND(WeightLossGroup_Dataset[[#This Row],[Age]]>=18, WeightLossGroup_Dataset[[#This Row],[Age]]<25), "18-24", AND(WeightLossGroup_Dataset[[#This Row],[Age]]>=25, WeightLossGroup_Dataset[[#This Row],[Age]]<35), "25-34", AND(WeightLossGroup_Dataset[[#This Row],[Age]]>=35, WeightLossGroup_Dataset[[#This Row],[Age]]<44), "35-44", AND(WeightLossGroup_Dataset[[#This Row],[Age]]>=45, WeightLossGroup_Dataset[[#This Row],[Age]]<55), "45-54")} -> 35-44 | H8: 109.9 | I8: 1.83 | J8: 39 | K8: 45853 | L8: 32.816746 | M8: Overweight | N8: {=_xlfn.IFS(WeightLossGroup_Dataset[[#This Row],[BMI Category]]="Underweight", "Dismiss client", WeightLossGroup_Dataset[[#This Row],[BMI Category]]= "Average", "2.5% weight loss", WeightLossGroup_Dataset[[#This Row],[BMI Category]]= "Overweight", "5% weight loss")} -> 5% weight loss | O8: {=_xlfn.IFS(WeightLossGroup_Dataset[[#This Row],[Weight Loss Advice]]="2.5% weight loss", WeightLossGroup_Dataset[[#This Row],[Initial Weight (kg)]]*0.975, WeightLossGroup_Dataset[[#This Row],[Weight Loss Advice]]="5% weight loss", WeightLossGroup_Dataset[[#This Row],[Initial Weight (kg)]]*0.95)} -> 104.405 | P8: =_xlfn.XLOOKUP(WeightLossGroup_Dataset[[#This Row],[ID]],'Programme Outcomes'!A:A,'Programme Outcomes'!B:B) -> 105 | Q8: {=_xlfn.IFS(WeightLossGroup_Dataset[[#This Row],[Final Weight]]<=WeightLossGroup_Dataset[[#This Row],[Weight Loss Target]], "Weight loss target met", AND(WeightLossGroup_Dataset[[#This Row],[Final Weight]]>WeightLossGroup_Dataset[[#This Row],[Weight Loss Target]], WeightLossGroup_Dataset[[#This Row],[Final Weight]]<WeightLossGroup_Dataset[[#This Row],[Initial Weight (kg)]]), "Weight loss target not met but some weight lost", WeightLossGroup_Dataset[[#This Row],[Final Weight]]>WeightLossGroup_Dataset[[#This Row],[Initial Weight (kg)]], "Weight gained", WeightLossGroup_Dataset[[#This Row],[Final Weight]]=WeightLossGroup_Dataset[[#This Row],[Initial Weight (kg)]], "No weight change")} -> Weight loss target not met but some weight lost
A9: 536870 | B9: Fred | C9: Flintstone | D9: M | E9: Human | F9: =_xlfn.XLOOKUP(WeightLossGroup_Dataset[[#This Row],[Identity]],'Identity Index'!A:A,'Identity Index'!B:B) -> Human | G9: {=_xlfn.IFS(AND(WeightLossGroup_Dataset[[#This Row],[Age]]>=18, WeightLossGroup_Dataset[[#This Row],[Age]]<25), "18-24", AND(WeightLossGroup_Dataset[[#This Row],[Age]]>=25, WeightLossGroup_Dataset[[#This Row],[Age]]<35), "25-34", AND(WeightLossGroup_Dataset[[#This Row],[Age]]>=35, WeightLossGroup_Dataset[[#This Row],[Age]]<44), "35-44", AND(WeightLossGroup_Dataset[[#This Row],[Age]]>=45, WeightLossGroup_Dataset[[#This Row],[Age]]<55), "45-54")} -> 35-44 | H9: 96.2 | I9: 1.55 | J9: 36 | K9: 45866 | L9: 40.041623 | M9: Overweight | N9: {=_xlfn.IFS(WeightLossGroup_Dataset[[#This Row],[BMI Category]]="Underweight", "Dismiss client", WeightLossGroup_Dataset[[#This Row],[BMI Category]]= "Average", "2.5% weight loss", WeightLossGroup_Dataset[[#This Row],[BMI Category]]= "Overweight", "5% weight loss")} -> 5% weight loss | O9: {=_xlfn.IFS(WeightLossGroup_Dataset[[#This Row],[Weight Loss Advice]]="2.5% weight loss", WeightLossGroup_Dataset[[#This Row],[Initial Weight (kg)]]*0.975, WeightLossGroup_Dataset[[#This Row],[Weight Loss Advice]]="5% weight loss", WeightLossGroup_Dataset[[#This Row],[Initial Weight (kg)]]*0.95)} -> 91.39 | P9: =_xlfn.XLOOKUP(WeightLossGroup_Dataset[[#This Row],[ID]],'Programme Outcomes'!A:A,'Programme Outcomes'!B:B) -> 92 | Q9: {=_xlfn.IFS(WeightLossGroup_Dataset[[#This Row],[Final Weight]]<=WeightLossGroup_Dataset[[#This Row],[Weight Loss Target]], "Weight loss target met", AND(WeightLossGroup_Dataset[[#This Row],[Final Weight]]>WeightLossGroup_Dataset[[#This Row],[Weight Loss Target]], WeightLossGroup_Dataset[[#This Row],[Final Weight]]<WeightLossGroup_Dataset[[#This Row],[Initial Weight (kg)]]), "Weight loss target not met but some weight lost", WeightLossGroup_Dataset[[#This Row],[Final Weight]]>WeightLossGroup_Dataset[[#This Row],[Initial Weight (kg)]], "Weight gained", WeightLossGroup_Dataset[[#This Row],[Final Weight]]=WeightLossGroup_Dataset[[#This Row],[Initial Weight (kg)]], "No weight change")} -> Weight loss target not met but some weight lost
A10: 419287 | B10: Wilma | C10: Flintstone | D10: F | E10: Human | F10: =_xlfn.XLOOKUP(WeightLossGroup_Dataset[[#This Row],[Identity]],'Identity Index'!A:A,'Identity Index'!B:B) -> Human | G10: {=_xlfn.IFS(AND(WeightLossGroup_Dataset[[#This Row],[Age]]>=18, WeightLossGroup_Dataset[[#This Row],[Age]]<25), "18-24", AND(WeightLossGroup_Dataset[[#This Row],[Age]]>=25, WeightLossGroup_Dataset[[#This Row],[Age]]<35), "25-34", AND(WeightLossGroup_Dataset[[#This Row],[Age]]>=35, WeightLossGroup_Dataset[[#This Row],[Age]]<44), "35-44", AND(WeightLossGroup_Dataset[[#This Row],[Age]]>=45, WeightLossGroup_Dataset[[#This Row],[Age]]<55), "45-54")} -> 25-34 | H10: 59.3 | I10: 1.6 | J10: 32 | K10: 45878 | L10: 23.164062 | M10: Average | N10: {=_xlfn.IFS(WeightLossGroup_Dataset[[#This Row],[BMI Category]]="Underweight", "Dismiss client", WeightLossGroup_Dataset[[#This Row],[BMI Category]]= "Average", "2.5% weight loss", WeightLossGroup_Dataset[[#This Row],[BMI Category]]= "Overweight", "5% weight loss")} -> 2.5% weight loss | O10: {=_xlfn.IFS(WeightLossGroup_Dataset[[#This Row],[Weight Loss Advice]]="2.5% weight loss", WeightLossGroup_Dataset[[#This Row],[Initial Weight (kg)]]*0.975, WeightLossGroup_Dataset[[#This Row],[Weight Loss Advice]]="5% weight loss", WeightLossGroup_Dataset[[#This Row],[Initial Weight (kg)]]*0.95)} -> 57.8175 | P10: =_xlfn.XLOOKUP(WeightLossGroup_Dataset[[#This Row],[ID]],'Programme Outcomes'!A:A,'Programme Outcomes'!B:B) -> 59 | Q10: {=_xlfn.IFS(WeightLossGroup_Dataset[[#This Row],[Final Weight]]<=WeightLossGroup_Dataset[[#This Row],[Weight Loss Target]], "Weight loss target met", AND(WeightLossGroup_Dataset[[#This Row],[Final Weight]]>WeightLossGroup_Dataset[[#This Row],[Weight Loss Target]], WeightLossGroup_Dataset[[#This Row],[Final Weight]]<WeightLossGroup_Dataset[[#This Row],[Initial Weight (kg)]]), "Weight loss target not met but some weight lost", WeightLossGroup_Dataset[[#This Row],[Final Weight]]>WeightLossGroup_Dataset[[#This Row],[Initial Weight (kg)]], "Weight gained", WeightLossGroup_Dataset[[#This Row],[Final Weight]]=WeightLossGroup_Dataset[[#This Row],[Initial Weight (kg)]], "No weight change")} -> Weight loss target not met but some weight lost
A11: 672430 | B11: Betty | C11: Rubble | D11: F | E11: Human | F11: =_xlfn.XLOOKUP(WeightLossGroup_Dataset[[#This Row],[Identity]],'Identity Index'!A:A,'Identity Index'!B:B) -> Human | G11: {=_xlfn.IFS(AND(WeightLossGroup_Dataset[[#This Row],[Age]]>=18, WeightLossGroup_Dataset[[#This Row],[Age]]<25), "18-24", AND(WeightLossGroup_Dataset[[#This Row],[Age]]>=25, WeightLossGroup_Dataset[[#This Row],[Age]]<35), "25-34", AND(WeightLossGroup_Dataset[[#This Row],[Age]]>=35, WeightLossGroup_Dataset[[#This Row],[Age]]<44), "35-44", AND(WeightLossGroup_Dataset[[#This Row],[Age]]>=45, WeightLossGroup_Dataset[[#This Row],[Age]]<55), "45-54")} -> 25-34 | H11: 55.4 | I11: 1.58 | J11: 32 | K11: 45892 | L11: 22.191956 | M11: Average | N11: {=_xlfn.IFS(WeightLossGroup_Dataset[[#This Row],[BMI Category]]="Underweight", "Dismiss client", WeightLossGroup_Dataset[[#This Row],[BMI Category]]= "Average", "2.5% weight loss", WeightLossGroup_Dataset[[#This Row],[BMI Category]]= "Overweight", "5% weight loss")} -> 2.5% weight loss | O11: {=_xlfn.IFS(WeightLossGroup_Dataset[[#This Row],[Weight Loss Advice]]="2.5% weight loss", WeightLossGroup_Dataset[[#This Row],[Initial Weight (kg)]]*0.975, WeightLossGroup_Dataset[[#This Row],[Weight Loss Advice]]="5% weight loss", WeightLossGroup_Dataset[[#This Row],[Initial Weight (kg)]]*0.95)} -> 54.015 | P11: =_xlfn.XLOOKUP(WeightLossGroup_Dataset[[#This Row],[ID]],'Programme Outcomes'!A:A,'Programme Outcomes'!B:B) -> 55 | Q11: {=_xlfn.IFS(WeightLossGroup_Dataset[[#This Row],[Final Weight]]<=WeightLossGroup_Dataset[[#This Row],[Weight Loss Target]], "Weight loss target met", AND(WeightLossGroup_Dataset[[#This Row],[Final Weight]]>WeightLossGroup_Dataset[[#This Row],[Weight Loss Target]], WeightLossGroup_Dataset[[#This Row],[Final Weight]]<WeightLossGroup_Dataset[[#This Row],[Initial Weight (kg)]]), "Weight loss target not met but some weight lost", WeightLossGroup_Dataset[[#This Row],[Final Weight]]>WeightLossGroup_Dataset[[#This Row],[Initial Weight (kg)]], "Weight gained", WeightLossGroup_Dataset[[#This Row],[Final Weight]]=WeightLossGroup_Dataset[[#This Row],[Initial Weight (kg)]], "No weight change")} -> Weight loss target not met but some weight lost
A12: 857169 | B12: Barney | C12: Rubble | D12: M | E12: Human | F12: =_xlfn.XLOOKUP(WeightLossGroup_Dataset[[#This Row],[Identity]],'Identity Index'!A:A,'Identity Index'!B:B) -> Human | G12: {=_xlfn.IFS(AND(WeightLossGroup_Dataset[[#This Row],[Age]]>=18, WeightLossGroup_Dataset[[#This Row],[Age]]<25), "18-24", AND(WeightLossGroup_Dataset[[#This Row],[Age]]>=25, WeightLossGroup_Dataset[[#This Row],[Age]]<35), "25-34", AND(WeightLossGroup_Dataset[[#This Row],[Age]]>=35, WeightLossGroup_Dataset[[#This Row],[Age]]<44), "35-44", AND(WeightLossGroup_Dataset[[#This Row],[Age]]>=45, WeightLossGroup_Dataset[[#This Row],[Age]]<55), "45-54")} -> 35-44 | H12: 88.1 | I12: 1.4 | J12: 36 | K12: 45905 | L12: 44.94898 | M12: Overweight | N12: {=_xlfn.IFS(WeightLossGroup_Dataset[[#This Row],[BMI Category]]="Underweight", "Dismiss client", WeightLossGroup_Dataset[[#This Row],[BMI Category]]= "Average", "2.5% weight loss", WeightLossGroup_Dataset[[#This Row],[BMI Category]]= "Overweight", "5% weight loss")} -> 5% weight loss | O12: {=_xlfn.IFS(WeightLossGroup_Dataset[[#This Row],[Weight Loss Advice]]="2.5% weight loss", WeightLossGroup_Dataset[[#This Row],[Initial Weight (kg)]]*0.975, WeightLossGroup_Dataset[[#This Row],[Weight Loss Advice]]="5% weight loss", WeightLossGroup_Dataset[[#This Row],[Initial Weight (kg)]]*0.95)} -> 83.695 | P12: =_xlfn.XLOOKUP(WeightLossGroup_Dataset[[#This Row],[ID]],'Programme Outcomes'!A:A,'Programme Outcomes'!B:B) -> 81 | Q12: {=_xlfn.IFS(WeightLossGroup_Dataset[[#This Row],[Final Weight]]<=WeightLossGroup_Dataset[[#This Row],[Weight Loss Target]], "Weight loss target met", AND(WeightLossGroup_Dataset[[#This Row],[Final Weight]]>WeightLossGroup_Dataset[[#This Row],[Weight Loss Target]], WeightLossGroup_Dataset[[#This Row],[Final Weight]]<WeightLossGroup_Dataset[[#This Row],[Initial Weight (kg)]]), "Weight loss target not met but some weight lost", WeightLossGroup_Dataset[[#This Row],[Final Weight]]>WeightLossGroup_Dataset[[#This Row],[Initial Weight (kg)]], "Weight gained", WeightLossGroup_Dataset[[#This Row],[Final Weight]]=WeightLossGroup_Dataset[[#This Row],[Initial Weight (kg)]], "No weight change")} -> Weight loss target met
A13: 390528 | B13: Son | C13: Goku | D13: M | E13: Saiyan | F13: =_xlfn.XLOOKUP(WeightLossGroup_Dataset[[#This Row],[Identity]],'Identity Index'!A:A,'Identity Index'!B:B) -> Superhuman | G13: {=_xlfn.IFS(AND(WeightLossGroup_Dataset[[#This Row],[Age]]>=18, WeightLossGroup_Dataset[[#This Row],[Age]]<25), "18-24", AND(WeightLossGroup_Dataset[[#This Row],[Age]]>=25, WeightLossGroup_Dataset[[#This Row],[Age]]<35), "25-34", AND(WeightLossGroup_Dataset[[#This Row],[Age]]>=35, WeightLossGroup_Dataset[[#This Row],[Age]]<44), "35-44", AND(WeightLossGroup_Dataset[[#This Row],[Age]]>=45, WeightLossGroup_Dataset[[#This Row],[Age]]<55), "45-54")} -> 18-24 | H13: 62 | I13: 1.75 | J13: 24 | K13: 45919 | L13: 20.244898 | M13: Average | N13: {=_xlfn.IFS(WeightLossGroup_Dataset[[#This Row],[BMI Category]]="Underweight", "Dismiss client", WeightLossGroup_Dataset[[#This Row],[BMI Category]]= "Average", "2.5% weight loss", WeightLossGroup_Dataset[[#This Row],[BMI Category]]= "Overweight", "5% weight loss")} -> 2.5% weight loss | O13: {=_xlfn.IFS(WeightLossGroup_Dataset[[#This Row],[Weight Loss Advice]]="2.5% weight loss", WeightLossGroup_Dataset[[#This Row],[Initial Weight (kg)]]*0.975, WeightLossGroup_Dataset[[#This Row],[Weight Loss Advice]]="5% weight loss", WeightLossGroup_Dataset[[#This Row],[Initial Weight (kg)]]*0.95)} -> 60.45 | P13: =_xlfn.XLOOKUP(WeightLossGroup_Dataset[[#This Row],[ID]],'Programme Outcomes'!A:A,'Programme Outcomes'!B:B) -> 65 | Q13: {=_xlfn.IFS(WeightLossGroup_Dataset[[#This Row],[Final Weight]]<=WeightLossGroup_Dataset[[#This Row],[Weight Loss Target]], "Weight loss target met", AND(WeightLossGroup_Dataset[[#This Row],[Final Weight]]>WeightLossGroup_Dataset[[#This Row],[Weight Loss Target]], WeightLossGroup_Dataset[[#This Row],[Final Weight]]<WeightLossGroup_Dataset[[#This Row],[Initial Weight (kg)]]), "Weight loss target not met but some weight lost", WeightLossGroup_Dataset[[#This Row],[Final Weight]]>WeightLossGroup_Dataset[[#This Row],[Initial Weight (kg)]], "Weight gained", WeightLossGroup_Dataset[[#This Row],[Final Weight]]=WeightLossGroup_Dataset[[#This Row],[Initial Weight (kg)]], "No weight change")} -> Weight gained
... A17: 184675 | B17: Richard | C17: Watterson | D17: M | E17: Rabbit | F17: =_xlfn.XLOOKUP(WeightLossGroup_Dataset[[#This Row],[Identity]],'Identity Index'!A:A,'Identity Index'!B:B) -> Animal | G17: {=_xlfn.IFS(AND(WeightLossGroup_Dataset[[#This Row],[Age]]>=18, WeightLossGroup_Dataset[[#This Row],[Age]]<25), "18-24", AND(WeightLossGroup_Dataset[[#This Row],[Age]]>=25, WeightLossGroup_Dataset[[#This Row],[Age]]<35), "25-34", AND(WeightLossGroup_Dataset[[#This Row],[Age]]>=35, WeightLossGroup_Dataset[[#This Row],[Age]]<44), "35-44", AND(WeightLossGroup_Dataset[[#This Row],[Age]]>=45, WeightLossGroup_Dataset[[#This Row],[Age]]<55), "45-54")} -> 35-44 | H17: 157.8 | I17: 1.9 | J17: 38 | K17: 45994 | L17: 43.711911 | M17: Overweight | N17: {=_xlfn.IFS(WeightLossGroup_Dataset[[#This Row],[BMI Category]]="Underweight", "Dismiss client", WeightLossGroup_Dataset[[#This Row],[BMI Category]]= "Average", "2.5% weight loss", WeightLossGroup_Dataset[[#This Row],[BMI Category]]= "Overweight", "5% weight loss")} -> 5% weight loss | O17: {=_xlfn.IFS(WeightLossGroup_Dataset[[#This Row],[Weight Loss Advice]]="2.5% weight loss", WeightLossGroup_Dataset[[#This Row],[Initial Weight (kg)]]*0.975, WeightLossGroup_Dataset[[#This Row],[Weight Loss Advice]]="5% weight loss", WeightLossGroup_Dataset[[#This Row],[Initial Weight (kg)]]*0.95)} -> 149.91 | P17: =_xlfn.XLOOKUP(WeightLossGroup_Dataset[[#This Row],[ID]],'Programme Outcomes'!A:A,'Programme Outcomes'!B:B) -> 136 | Q17: {=_xlfn.IFS(WeightLossGroup_Dataset[[#This Row],[Final Weight]]<=WeightLossGroup_Dataset[[#This Row],[Weight Loss Target]], "Weight loss target met", AND(WeightLossGroup_Dataset[[#This Row],[Final Weight]]>WeightLossGroup_Dataset[[#This Row],[Weight Loss Target]], WeightLossGroup_Dataset[[#This Row],[Final Weight]]<WeightLossGroup_Dataset[[#This Row],[Initial Weight (kg)]]), "Weight loss target not met but some weight lost", WeightLossGroup_Dataset[[#This Row],[Final Weight]]>WeightLossGroup_Dataset[[#This Row],[Initial Weight (kg)]], "Weight gained", WeightLossGroup_Dataset[[#This Row],[Final Weight]]=WeightLossGroup_Dataset[[#This Row],[Initial Weight (kg)]], "No weight change")} -> Weight loss target met

Sheet Results Pivot
A1: Gender | B1: All
A2: Age Bracket | B2: All
A3: Identity | B3: All
A5: Clients by weight loss programme outcomes | B5: Distinct Count of ID
A6: No weight change | B6: 1
A7: Weight gained | B7: 2
A8: Weight loss target met | B8: 7
A9: Weight loss target not met but some weight lost | B9: 6
A10: Grand Total | B10: 16

Sheet Age Distribution
A1: Gender | B1: All
A3: Distinct Count of ID | B3: Column Labels
A4: Client age brackets by identity | B4: Human | C4: Grand Total
A5: 25-34 | B5: 3 | C5: 3
A6: 35-44 | B6: 6 | C6: 6
A7: 45-54 | B7: 1 | C7: 1
A8: Grand Total | B8: 10 | C8: 10
